[{"tag":{"S":"aos23Nw370AlUmIIhl3dM/_N_T_/layout"},"path":{"S":"aos23Nw370AlUmIIhl3dM/_not-found"},"revalidatedAt":{"N":"1"}},{"tag":{"S":"aos23Nw370AlUmIIhl3dM/_N_T_/_not-found/layout"},"path":{"S":"aos23Nw370AlUmIIhl3dM/_not-found"},"revalidatedAt":{"N":"1"}},{"tag":{"S":"aos23Nw370AlUmIIhl3dM/_N_T_/_not-found/page"},"path":{"S":"aos23Nw370AlUmIIhl3dM/_not-found"},"revalidatedAt":{"N":"1"}},{"tag":{"S":"aos23Nw370AlUmIIhl3dM/_N_T_/_not-found/"},"path":{"S":"aos23Nw370AlUmIIhl3dM/_not-found"},"revalidatedAt":{"N":"1"}},{"tag":{"S":"aos23Nw370AlUmIIhl3dM/_N_T_/layout"},"path":{"S":"aos23Nw370AlUmIIhl3dM/en/[...rest]"},"revalidatedAt":{"N":"1"}},{"tag":{"S":"aos23Nw370AlUmIIhl3dM/_N_T_/[locale]/layout"},"path":{"S":"aos23Nw370AlUmIIhl3dM/en/[...rest]"},"revalidatedAt":{"N":"1"}},{"tag":{"S":"aos23Nw370AlUmIIhl3dM/_N_T_/[locale]/(default)/layout"},"path":{"S":"aos23Nw370AlUmIIhl3dM/en/[...rest]"},"revalidatedAt":{"N":"1"}},{"tag":{"S":"aos23Nw370AlUmIIhl3dM/_N_T_/[locale]/(default)/[...rest]/layout"},"path":{"S":"aos23Nw370AlUmIIhl3dM/en/[...rest]"},"revalidatedAt":{"N":"1"}},{"tag":{"S":"aos23Nw370AlUmIIhl3dM/_N_T_/[locale]/(default)/[...rest]/page"},"path":{"S":"aos23Nw370AlUmIIhl3dM/en/[...rest]"},"revalidatedAt":{"N":"1"}},{"tag":{"S":"aos23Nw370AlUmIIhl3dM/_N_T_/layout"},"path":{"S":"aos23Nw370AlUmIIhl3dM/en/account/addresses"},"revalidatedAt":{"N":"1"}},{"tag":{"S":"aos23Nw370AlUmIIhl3dM/_N_T_/[locale]/layout"},"path":{"S":"aos23Nw370AlUmIIhl3dM/en/account/addresses"},"revalidatedAt":{"N":"1"}},{"tag":{"S":"aos23Nw370AlUmIIhl3dM/_N_T_/[locale]/(default)/layout"},"path":{"S":"aos23Nw370AlUmIIhl3dM/en/account/addresses"},"revalidatedAt":{"N":"1"}},{"tag":{"S":"aos23Nw370AlUmIIhl3dM/_N_T_/[locale]/(default)/account/layout"},"path":{"S":"aos23Nw370AlUmIIhl3dM/en/account/addresses"},"revalidatedAt":{"N":"1"}},{"tag":{"S":"aos23Nw370AlUmIIhl3dM/_N_T_/[locale]/(default)/account/addresses/layout"},"path":{"S":"aos23Nw370AlUmIIhl3dM/en/account/addresses"},"revalidatedAt":{"N":"1"}},{"tag":{"S":"aos23Nw370AlUmIIhl3dM/_N_T_/[locale]/(default)/account/addresses/page"},"path":{"S":"aos23Nw370AlUmIIhl3dM/en/account/addresses"},"revalidatedAt":{"N":"1"}},{"tag":{"S":"aos23Nw370AlUmIIhl3dM/_N_T_/en/account/addresses/"},"path":{"S":"aos23Nw370AlUmIIhl3dM/en/account/addresses"},"revalidatedAt":{"N":"1"}},{"tag":{"S":"aos23Nw370AlUmIIhl3dM/_N_T_/layout"},"path":{"S":"aos23Nw370AlUmIIhl3dM/en/account/orders/[id]"},"revalidatedAt":{"N":"1"}},{"tag":{"S":"aos23Nw370AlUmIIhl3dM/_N_T_/[locale]/layout"},"path":{"S":"aos23Nw370AlUmIIhl3dM/en/account/orders/[id]"},"revalidatedAt":{"N":"1"}},{"tag":{"S":"aos23Nw370AlUmIIhl3dM/_N_T_/[locale]/(default)/layout"},"path":{"S":"aos23Nw370AlUmIIhl3dM/en/account/orders/[id]"},"revalidatedAt":{"N":"1"}},{"tag":{"S":"aos23Nw370AlUmIIhl3dM/_N_T_/[locale]/(default)/account/layout"},"path":{"S":"aos23Nw370AlUmIIhl3dM/en/account/orders/[id]"},"revalidatedAt":{"N":"1"}},{"tag":{"S":"aos23Nw370AlUmIIhl3dM/_N_T_/[locale]/(default)/account/orders/layout"},"path":{"S":"aos23Nw370AlUmIIhl3dM/en/account/orders/[id]"},"revalidatedAt":{"N":"1"}},{"tag":{"S":"aos23Nw370AlUmIIhl3dM/_N_T_/[locale]/(default)/account/orders/[id]/layout"},"path":{"S":"aos23Nw370AlUmIIhl3dM/en/account/orders/[id]"},"revalidatedAt":{"N":"1"}},{"tag":{"S":"aos23Nw370AlUmIIhl3dM/_N_T_/[locale]/(default)/account/orders/[id]/page"},"path":{"S":"aos23Nw370AlUmIIhl3dM/en/account/orders/[id]"},"revalidatedAt":{"N":"1"}},{"tag":{"S":"aos23Nw370AlUmIIhl3dM/_N_T_/layout"},"path":{"S":"aos23Nw370AlUmIIhl3dM/en/account/orders"},"revalidatedAt":{"N":"1"}},{"tag":{"S":"aos23Nw370AlUmIIhl3dM/_N_T_/[locale]/layout"},"path":{"S":"aos23Nw370AlUmIIhl3dM/en/account/orders"},"revalidatedAt":{"N":"1"}},{"tag":{"S":"aos23Nw370AlUmIIhl3dM/_N_T_/[locale]/(default)/layout"},"path":{"S":"aos23Nw370AlUmIIhl3dM/en/account/orders"},"revalidatedAt":{"N":"1"}},{"tag":{"S":"aos23Nw370AlUmIIhl3dM/_N_T_/[locale]/(default)/account/layout"},"path":{"S":"aos23Nw370AlUmIIhl3dM/en/account/orders"},"revalidatedAt":{"N":"1"}},{"tag":{"S":"aos23Nw370AlUmIIhl3dM/_N_T_/[locale]/(default)/account/orders/layout"},"path":{"S":"aos23Nw370AlUmIIhl3dM/en/account/orders"},"revalidatedAt":{"N":"1"}},{"tag":{"S":"aos23Nw370AlUmIIhl3dM/_N_T_/[locale]/(default)/account/orders/page"},"path":{"S":"aos23Nw370AlUmIIhl3dM/en/account/orders"},"revalidatedAt":{"N":"1"}},{"tag":{"S":"aos23Nw370AlUmIIhl3dM/_N_T_/en/account/orders/"},"path":{"S":"aos23Nw370AlUmIIhl3dM/en/account/orders"},"revalidatedAt":{"N":"1"}},{"tag":{"S":"aos23Nw370AlUmIIhl3dM/_N_T_/layout"},"path":{"S":"aos23Nw370AlUmIIhl3dM/en/account/settings"},"revalidatedAt":{"N":"1"}},{"tag":{"S":"aos23Nw370AlUmIIhl3dM/_N_T_/[locale]/layout"},"path":{"S":"aos23Nw370AlUmIIhl3dM/en/account/settings"},"revalidatedAt":{"N":"1"}},{"tag":{"S":"aos23Nw370AlUmIIhl3dM/_N_T_/[locale]/(default)/layout"},"path":{"S":"aos23Nw370AlUmIIhl3dM/en/account/settings"},"revalidatedAt":{"N":"1"}},{"tag":{"S":"aos23Nw370AlUmIIhl3dM/_N_T_/[locale]/(default)/account/layout"},"path":{"S":"aos23Nw370AlUmIIhl3dM/en/account/settings"},"revalidatedAt":{"N":"1"}},{"tag":{"S":"aos23Nw370AlUmIIhl3dM/_N_T_/[locale]/(default)/account/settings/layout"},"path":{"S":"aos23Nw370AlUmIIhl3dM/en/account/settings"},"revalidatedAt":{"N":"1"}},{"tag":{"S":"aos23Nw370AlUmIIhl3dM/_N_T_/[locale]/(default)/account/settings/page"},"path":{"S":"aos23Nw370AlUmIIhl3dM/en/account/settings"},"revalidatedAt":{"N":"1"}},{"tag":{"S":"aos23Nw370AlUmIIhl3dM/_N_T_/en/account/settings/"},"path":{"S":"aos23Nw370AlUmIIhl3dM/en/account/settings"},"revalidatedAt":{"N":"1"}},{"tag":{"S":"aos23Nw370AlUmIIhl3dM/_N_T_/layout"},"path":{"S":"aos23Nw370AlUmIIhl3dM/en/account/wishlists/[id]"},"revalidatedAt":{"N":"1"}},{"tag":{"S":"aos23Nw370AlUmIIhl3dM/_N_T_/[locale]/layout"},"path":{"S":"aos23Nw370AlUmIIhl3dM/en/account/wishlists/[id]"},"revalidatedAt":{"N":"1"}},{"tag":{"S":"aos23Nw370AlUmIIhl3dM/_N_T_/[locale]/(default)/layout"},"path":{"S":"aos23Nw370AlUmIIhl3dM/en/account/wishlists/[id]"},"revalidatedAt":{"N":"1"}},{"tag":{"S":"aos23Nw370AlUmIIhl3dM/_N_T_/[locale]/(default)/account/layout"},"path":{"S":"aos23Nw370AlUmIIhl3dM/en/account/wishlists/[id]"},"revalidatedAt":{"N":"1"}},{"tag":{"S":"aos23Nw370AlUmIIhl3dM/_N_T_/[locale]/(default)/account/wishlists/layout"},"path":{"S":"aos23Nw370AlUmIIhl3dM/en/account/wishlists/[id]"},"revalidatedAt":{"N":"1"}},{"tag":{"S":"aos23Nw370AlUmIIhl3dM/_N_T_/[locale]/(default)/account/wishlists/[id]/layout"},"path":{"S":"aos23Nw370AlUmIIhl3dM/en/account/wishlists/[id]"},"revalidatedAt":{"N":"1"}},{"tag":{"S":"aos23Nw370AlUmIIhl3dM/_N_T_/[locale]/(default)/account/wishlists/[id]/page"},"path":{"S":"aos23Nw370AlUmIIhl3dM/en/account/wishlists/[id]"},"revalidatedAt":{"N":"1"}},{"tag":{"S":"aos23Nw370AlUmIIhl3dM/_N_T_/layout"},"path":{"S":"aos23Nw370AlUmIIhl3dM/en/account/wishlists"},"revalidatedAt":{"N":"1"}},{"tag":{"S":"aos23Nw370AlUmIIhl3dM/_N_T_/[locale]/layout"},"path":{"S":"aos23Nw370AlUmIIhl3dM/en/account/wishlists"},"revalidatedAt":{"N":"1"}},{"tag":{"S":"aos23Nw370AlUmIIhl3dM/_N_T_/[locale]/(default)/layout"},"path":{"S":"aos23Nw370AlUmIIhl3dM/en/account/wishlists"},"revalidatedAt":{"N":"1"}},{"tag":{"S":"aos23Nw370AlUmIIhl3dM/_N_T_/[locale]/(default)/account/layout"},"path":{"S":"aos23Nw370AlUmIIhl3dM/en/account/wishlists"},"revalidatedAt":{"N":"1"}},{"tag":{"S":"aos23Nw370AlUmIIhl3dM/_N_T_/[locale]/(default)/account/wishlists/layout"},"path":{"S":"aos23Nw370AlUmIIhl3dM/en/account/wishlists"},"revalidatedAt":{"N":"1"}},{"tag":{"S":"aos23Nw370AlUmIIhl3dM/_N_T_/[locale]/(default)/account/wishlists/page"},"path":{"S":"aos23Nw370AlUmIIhl3dM/en/account/wishlists"},"revalidatedAt":{"N":"1"}},{"tag":{"S":"aos23Nw370AlUmIIhl3dM/_N_T_/en/account/wishlists/"},"path":{"S":"aos23Nw370AlUmIIhl3dM/en/account/wishlists"},"revalidatedAt":{"N":"1"}},{"tag":{"S":"aos23Nw370AlUmIIhl3dM/_N_T_/layout"},"path":{"S":"aos23Nw370AlUmIIhl3dM/en/blog/[blogId]"},"revalidatedAt":{"N":"1"}},{"tag":{"S":"aos23Nw370AlUmIIhl3dM/_N_T_/[locale]/layout"},"path":{"S":"aos23Nw370AlUmIIhl3dM/en/blog/[blogId]"},"revalidatedAt":{"N":"1"}},{"tag":{"S":"aos23Nw370AlUmIIhl3dM/_N_T_/[locale]/(default)/layout"},"path":{"S":"aos23Nw370AlUmIIhl3dM/en/blog/[blogId]"},"revalidatedAt":{"N":"1"}},{"tag":{"S":"aos23Nw370AlUmIIhl3dM/_N_T_/[locale]/(default)/blog/layout"},"path":{"S":"aos23Nw370AlUmIIhl3dM/en/blog/[blogId]"},"revalidatedAt":{"N":"1"}},{"tag":{"S":"aos23Nw370AlUmIIhl3dM/_N_T_/[locale]/(default)/blog/[blogId]/layout"},"path":{"S":"aos23Nw370AlUmIIhl3dM/en/blog/[blogId]"},"revalidatedAt":{"N":"1"}},{"tag":{"S":"aos23Nw370AlUmIIhl3dM/_N_T_/[locale]/(default)/blog/[blogId]/page"},"path":{"S":"aos23Nw370AlUmIIhl3dM/en/blog/[blogId]"},"revalidatedAt":{"N":"1"}},{"tag":{"S":"aos23Nw370AlUmIIhl3dM/_N_T_/layout"},"path":{"S":"aos23Nw370AlUmIIhl3dM/en/blog"},"revalidatedAt":{"N":"1"}},{"tag":{"S":"aos23Nw370AlUmIIhl3dM/_N_T_/[locale]/layout"},"path":{"S":"aos23Nw370AlUmIIhl3dM/en/blog"},"revalidatedAt":{"N":"1"}},{"tag":{"S":"aos23Nw370AlUmIIhl3dM/_N_T_/[locale]/(default)/layout"},"path":{"S":"aos23Nw370AlUmIIhl3dM/en/blog"},"revalidatedAt":{"N":"1"}},{"tag":{"S":"aos23Nw370AlUmIIhl3dM/_N_T_/[locale]/(default)/blog/layout"},"path":{"S":"aos23Nw370AlUmIIhl3dM/en/blog"},"revalidatedAt":{"N":"1"}},{"tag":{"S":"aos23Nw370AlUmIIhl3dM/_N_T_/[locale]/(default)/blog/page"},"path":{"S":"aos23Nw370AlUmIIhl3dM/en/blog"},"revalidatedAt":{"N":"1"}},{"tag":{"S":"aos23Nw370AlUmIIhl3dM/_N_T_/en/blog/"},"path":{"S":"aos23Nw370AlUmIIhl3dM/en/blog"},"revalidatedAt":{"N":"1"}},{"tag":{"S":"aos23Nw370AlUmIIhl3dM/_N_T_/layout"},"path":{"S":"aos23Nw370AlUmIIhl3dM/en/brand/[slug]"},"revalidatedAt":{"N":"1"}},{"tag":{"S":"aos23Nw370AlUmIIhl3dM/_N_T_/[locale]/layout"},"path":{"S":"aos23Nw370AlUmIIhl3dM/en/brand/[slug]"},"revalidatedAt":{"N":"1"}},{"tag":{"S":"aos23Nw370AlUmIIhl3dM/_N_T_/[locale]/(default)/layout"},"path":{"S":"aos23Nw370AlUmIIhl3dM/en/brand/[slug]"},"revalidatedAt":{"N":"1"}},{"tag":{"S":"aos23Nw370AlUmIIhl3dM/_N_T_/[locale]/(default)/(faceted)/layout"},"path":{"S":"aos23Nw370AlUmIIhl3dM/en/brand/[slug]"},"revalidatedAt":{"N":"1"}},{"tag":{"S":"aos23Nw370AlUmIIhl3dM/_N_T_/[locale]/(default)/(faceted)/brand/layout"},"path":{"S":"aos23Nw370AlUmIIhl3dM/en/brand/[slug]"},"revalidatedAt":{"N":"1"}},{"tag":{"S":"aos23Nw370AlUmIIhl3dM/_N_T_/[locale]/(default)/(faceted)/brand/[slug]/layout"},"path":{"S":"aos23Nw370AlUmIIhl3dM/en/brand/[slug]"},"revalidatedAt":{"N":"1"}},{"tag":{"S":"aos23Nw370AlUmIIhl3dM/_N_T_/[locale]/(default)/(faceted)/brand/[slug]/page"},"path":{"S":"aos23Nw370AlUmIIhl3dM/en/brand/[slug]"},"revalidatedAt":{"N":"1"}},{"tag":{"S":"aos23Nw370AlUmIIhl3dM/_N_T_/layout"},"path":{"S":"aos23Nw370AlUmIIhl3dM/en/cart"},"revalidatedAt":{"N":"1"}},{"tag":{"S":"aos23Nw370AlUmIIhl3dM/_N_T_/[locale]/layout"},"path":{"S":"aos23Nw370AlUmIIhl3dM/en/cart"},"revalidatedAt":{"N":"1"}},{"tag":{"S":"aos23Nw370AlUmIIhl3dM/_N_T_/[locale]/(default)/layout"},"path":{"S":"aos23Nw370AlUmIIhl3dM/en/cart"},"revalidatedAt":{"N":"1"}},{"tag":{"S":"aos23Nw370AlUmIIhl3dM/_N_T_/[locale]/(default)/cart/layout"},"path":{"S":"aos23Nw370AlUmIIhl3dM/en/cart"},"revalidatedAt":{"N":"1"}},{"tag":{"S":"aos23Nw370AlUmIIhl3dM/_N_T_/[locale]/(default)/cart/page"},"path":{"S":"aos23Nw370AlUmIIhl3dM/en/cart"},"revalidatedAt":{"N":"1"}},{"tag":{"S":"aos23Nw370AlUmIIhl3dM/_N_T_/en/cart/"},"path":{"S":"aos23Nw370AlUmIIhl3dM/en/cart"},"revalidatedAt":{"N":"1"}},{"tag":{"S":"aos23Nw370AlUmIIhl3dM/_N_T_/layout"},"path":{"S":"aos23Nw370AlUmIIhl3dM/en/category/[slug]"},"revalidatedAt":{"N":"1"}},{"tag":{"S":"aos23Nw370AlUmIIhl3dM/_N_T_/[locale]/layout"},"path":{"S":"aos23Nw370AlUmIIhl3dM/en/category/[slug]"},"revalidatedAt":{"N":"1"}},{"tag":{"S":"aos23Nw370AlUmIIhl3dM/_N_T_/[locale]/(default)/layout"},"path":{"S":"aos23Nw370AlUmIIhl3dM/en/category/[slug]"},"revalidatedAt":{"N":"1"}},{"tag":{"S":"aos23Nw370AlUmIIhl3dM/_N_T_/[locale]/(default)/(faceted)/layout"},"path":{"S":"aos23Nw370AlUmIIhl3dM/en/category/[slug]"},"revalidatedAt":{"N":"1"}},{"tag":{"S":"aos23Nw370AlUmIIhl3dM/_N_T_/[locale]/(default)/(faceted)/category/layout"},"path":{"S":"aos23Nw370AlUmIIhl3dM/en/category/[slug]"},"revalidatedAt":{"N":"1"}},{"tag":{"S":"aos23Nw370AlUmIIhl3dM/_N_T_/[locale]/(default)/(faceted)/category/[slug]/layout"},"path":{"S":"aos23Nw370AlUmIIhl3dM/en/category/[slug]"},"revalidatedAt":{"N":"1"}},{"tag":{"S":"aos23Nw370AlUmIIhl3dM/_N_T_/[locale]/(default)/(faceted)/category/[slug]/page"},"path":{"S":"aos23Nw370AlUmIIhl3dM/en/category/[slug]"},"revalidatedAt":{"N":"1"}},{"tag":{"S":"aos23Nw370AlUmIIhl3dM/_N_T_/layout"},"path":{"S":"aos23Nw370AlUmIIhl3dM/en/change-password"},"revalidatedAt":{"N":"1"}},{"tag":{"S":"aos23Nw370AlUmIIhl3dM/_N_T_/[locale]/layout"},"path":{"S":"aos23Nw370AlUmIIhl3dM/en/change-password"},"revalidatedAt":{"N":"1"}},{"tag":{"S":"aos23Nw370AlUmIIhl3dM/_N_T_/[locale]/(default)/layout"},"path":{"S":"aos23Nw370AlUmIIhl3dM/en/change-password"},"revalidatedAt":{"N":"1"}},{"tag":{"S":"aos23Nw370AlUmIIhl3dM/_N_T_/[locale]/(default)/(auth)/layout"},"path":{"S":"aos23Nw370AlUmIIhl3dM/en/change-password"},"revalidatedAt":{"N":"1"}},{"tag":{"S":"aos23Nw370AlUmIIhl3dM/_N_T_/[locale]/(default)/(auth)/change-password/layout"},"path":{"S":"aos23Nw370AlUmIIhl3dM/en/change-password"},"revalidatedAt":{"N":"1"}},{"tag":{"S":"aos23Nw370AlUmIIhl3dM/_N_T_/[locale]/(default)/(auth)/change-password/page"},"path":{"S":"aos23Nw370AlUmIIhl3dM/en/change-password"},"revalidatedAt":{"N":"1"}},{"tag":{"S":"aos23Nw370AlUmIIhl3dM/_N_T_/en/change-password/"},"path":{"S":"aos23Nw370AlUmIIhl3dM/en/change-password"},"revalidatedAt":{"N":"1"}},{"tag":{"S":"aos23Nw370AlUmIIhl3dM/_N_T_/layout"},"path":{"S":"aos23Nw370AlUmIIhl3dM/en/login/forgot-password"},"revalidatedAt":{"N":"1"}},{"tag":{"S":"aos23Nw370AlUmIIhl3dM/_N_T_/[locale]/layout"},"path":{"S":"aos23Nw370AlUmIIhl3dM/en/login/forgot-password"},"revalidatedAt":{"N":"1"}},{"tag":{"S":"aos23Nw370AlUmIIhl3dM/_N_T_/[locale]/(default)/layout"},"path":{"S":"aos23Nw370AlUmIIhl3dM/en/login/forgot-password"},"revalidatedAt":{"N":"1"}},{"tag":{"S":"aos23Nw370AlUmIIhl3dM/_N_T_/[locale]/(default)/(auth)/layout"},"path":{"S":"aos23Nw370AlUmIIhl3dM/en/login/forgot-password"},"revalidatedAt":{"N":"1"}},{"tag":{"S":"aos23Nw370AlUmIIhl3dM/_N_T_/[locale]/(default)/(auth)/login/layout"},"path":{"S":"aos23Nw370AlUmIIhl3dM/en/login/forgot-password"},"revalidatedAt":{"N":"1"}},{"tag":{"S":"aos23Nw370AlUmIIhl3dM/_N_T_/[locale]/(default)/(auth)/login/forgot-password/layout"},"path":{"S":"aos23Nw370AlUmIIhl3dM/en/login/forgot-password"},"revalidatedAt":{"N":"1"}},{"tag":{"S":"aos23Nw370AlUmIIhl3dM/_N_T_/[locale]/(default)/(auth)/login/forgot-password/page"},"path":{"S":"aos23Nw370AlUmIIhl3dM/en/login/forgot-password"},"revalidatedAt":{"N":"1"}},{"tag":{"S":"aos23Nw370AlUmIIhl3dM/_N_T_/en/login/forgot-password/"},"path":{"S":"aos23Nw370AlUmIIhl3dM/en/login/forgot-password"},"revalidatedAt":{"N":"1"}},{"tag":{"S":"aos23Nw370AlUmIIhl3dM/_N_T_/layout"},"path":{"S":"aos23Nw370AlUmIIhl3dM/en/login"},"revalidatedAt":{"N":"1"}},{"tag":{"S":"aos23Nw370AlUmIIhl3dM/_N_T_/[locale]/layout"},"path":{"S":"aos23Nw370AlUmIIhl3dM/en/login"},"revalidatedAt":{"N":"1"}},{"tag":{"S":"aos23Nw370AlUmIIhl3dM/_N_T_/[locale]/(default)/layout"},"path":{"S":"aos23Nw370AlUmIIhl3dM/en/login"},"revalidatedAt":{"N":"1"}},{"tag":{"S":"aos23Nw370AlUmIIhl3dM/_N_T_/[locale]/(default)/(auth)/layout"},"path":{"S":"aos23Nw370AlUmIIhl3dM/en/login"},"revalidatedAt":{"N":"1"}},{"tag":{"S":"aos23Nw370AlUmIIhl3dM/_N_T_/[locale]/(default)/(auth)/login/layout"},"path":{"S":"aos23Nw370AlUmIIhl3dM/en/login"},"revalidatedAt":{"N":"1"}},{"tag":{"S":"aos23Nw370AlUmIIhl3dM/_N_T_/[locale]/(default)/(auth)/login/page"},"path":{"S":"aos23Nw370AlUmIIhl3dM/en/login"},"revalidatedAt":{"N":"1"}},{"tag":{"S":"aos23Nw370AlUmIIhl3dM/_N_T_/en/login/"},"path":{"S":"aos23Nw370AlUmIIhl3dM/en/login"},"revalidatedAt":{"N":"1"}},{"tag":{"S":"aos23Nw370AlUmIIhl3dM/_N_T_/layout"},"path":{"S":"aos23Nw370AlUmIIhl3dM/en/product/[slug]"},"revalidatedAt":{"N":"1"}},{"tag":{"S":"aos23Nw370AlUmIIhl3dM/_N_T_/[locale]/layout"},"path":{"S":"aos23Nw370AlUmIIhl3dM/en/product/[slug]"},"revalidatedAt":{"N":"1"}},{"tag":{"S":"aos23Nw370AlUmIIhl3dM/_N_T_/[locale]/(default)/layout"},"path":{"S":"aos23Nw370AlUmIIhl3dM/en/product/[slug]"},"revalidatedAt":{"N":"1"}},{"tag":{"S":"aos23Nw370AlUmIIhl3dM/_N_T_/[locale]/(default)/product/layout"},"path":{"S":"aos23Nw370AlUmIIhl3dM/en/product/[slug]"},"revalidatedAt":{"N":"1"}},{"tag":{"S":"aos23Nw370AlUmIIhl3dM/_N_T_/[locale]/(default)/product/[slug]/layout"},"path":{"S":"aos23Nw370AlUmIIhl3dM/en/product/[slug]"},"revalidatedAt":{"N":"1"}},{"tag":{"S":"aos23Nw370AlUmIIhl3dM/_N_T_/[locale]/(default)/product/[slug]/page"},"path":{"S":"aos23Nw370AlUmIIhl3dM/en/product/[slug]"},"revalidatedAt":{"N":"1"}},{"tag":{"S":"aos23Nw370AlUmIIhl3dM/_N_T_/layout"},"path":{"S":"aos23Nw370AlUmIIhl3dM/en/register"},"revalidatedAt":{"N":"1"}},{"tag":{"S":"aos23Nw370AlUmIIhl3dM/_N_T_/[locale]/layout"},"path":{"S":"aos23Nw370AlUmIIhl3dM/en/register"},"revalidatedAt":{"N":"1"}},{"tag":{"S":"aos23Nw370AlUmIIhl3dM/_N_T_/[locale]/(default)/layout"},"path":{"S":"aos23Nw370AlUmIIhl3dM/en/register"},"revalidatedAt":{"N":"1"}},{"tag":{"S":"aos23Nw370AlUmIIhl3dM/_N_T_/[locale]/(default)/(auth)/layout"},"path":{"S":"aos23Nw370AlUmIIhl3dM/en/register"},"revalidatedAt":{"N":"1"}},{"tag":{"S":"aos23Nw370AlUmIIhl3dM/_N_T_/[locale]/(default)/(auth)/register/layout"},"path":{"S":"aos23Nw370AlUmIIhl3dM/en/register"},"revalidatedAt":{"N":"1"}},{"tag":{"S":"aos23Nw370AlUmIIhl3dM/_N_T_/[locale]/(default)/(auth)/register/page"},"path":{"S":"aos23Nw370AlUmIIhl3dM/en/register"},"revalidatedAt":{"N":"1"}},{"tag":{"S":"aos23Nw370AlUmIIhl3dM/_N_T_/en/register/"},"path":{"S":"aos23Nw370AlUmIIhl3dM/en/register"},"revalidatedAt":{"N":"1"}},{"tag":{"S":"aos23Nw370AlUmIIhl3dM/_N_T_/layout"},"path":{"S":"aos23Nw370AlUmIIhl3dM/en/search"},"revalidatedAt":{"N":"1"}},{"tag":{"S":"aos23Nw370AlUmIIhl3dM/_N_T_/[locale]/layout"},"path":{"S":"aos23Nw370AlUmIIhl3dM/en/search"},"revalidatedAt":{"N":"1"}},{"tag":{"S":"aos23Nw370AlUmIIhl3dM/_N_T_/[locale]/(default)/layout"},"path":{"S":"aos23Nw370AlUmIIhl3dM/en/search"},"revalidatedAt":{"N":"1"}},{"tag":{"S":"aos23Nw370AlUmIIhl3dM/_N_T_/[locale]/(default)/(faceted)/layout"},"path":{"S":"aos23Nw370AlUmIIhl3dM/en/search"},"revalidatedAt":{"N":"1"}},{"tag":{"S":"aos23Nw370AlUmIIhl3dM/_N_T_/[locale]/(default)/(faceted)/search/layout"},"path":{"S":"aos23Nw370AlUmIIhl3dM/en/search"},"revalidatedAt":{"N":"1"}},{"tag":{"S":"aos23Nw370AlUmIIhl3dM/_N_T_/[locale]/(default)/(faceted)/search/page"},"path":{"S":"aos23Nw370AlUmIIhl3dM/en/search"},"revalidatedAt":{"N":"1"}},{"tag":{"S":"aos23Nw370AlUmIIhl3dM/_N_T_/en/search/"},"path":{"S":"aos23Nw370AlUmIIhl3dM/en/search"},"revalidatedAt":{"N":"1"}},{"tag":{"S":"aos23Nw370AlUmIIhl3dM/_N_T_/layout"},"path":{"S":"aos23Nw370AlUmIIhl3dM/en/webpages/[id]/contact"},"revalidatedAt":{"N":"1"}},{"tag":{"S":"aos23Nw370AlUmIIhl3dM/_N_T_/[locale]/layout"},"path":{"S":"aos23Nw370AlUmIIhl3dM/en/webpages/[id]/contact"},"revalidatedAt":{"N":"1"}},{"tag":{"S":"aos23Nw370AlUmIIhl3dM/_N_T_/[locale]/(default)/layout"},"path":{"S":"aos23Nw370AlUmIIhl3dM/en/webpages/[id]/contact"},"revalidatedAt":{"N":"1"}},{"tag":{"S":"aos23Nw370AlUmIIhl3dM/_N_T_/[locale]/(default)/webpages/layout"},"path":{"S":"aos23Nw370AlUmIIhl3dM/en/webpages/[id]/contact"},"revalidatedAt":{"N":"1"}},{"tag":{"S":"aos23Nw370AlUmIIhl3dM/_N_T_/[locale]/(default)/webpages/[id]/layout"},"path":{"S":"aos23Nw370AlUmIIhl3dM/en/webpages/[id]/contact"},"revalidatedAt":{"N":"1"}},{"tag":{"S":"aos23Nw370AlUmIIhl3dM/_N_T_/[locale]/(default)/webpages/[id]/contact/layout"},"path":{"S":"aos23Nw370AlUmIIhl3dM/en/webpages/[id]/contact"},"revalidatedAt":{"N":"1"}},{"tag":{"S":"aos23Nw370AlUmIIhl3dM/_N_T_/[locale]/(default)/webpages/[id]/contact/page"},"path":{"S":"aos23Nw370AlUmIIhl3dM/en/webpages/[id]/contact"},"revalidatedAt":{"N":"1"}},{"tag":{"S":"aos23Nw370AlUmIIhl3dM/_N_T_/layout"},"path":{"S":"aos23Nw370AlUmIIhl3dM/en/webpages/[id]/normal"},"revalidatedAt":{"N":"1"}},{"tag":{"S":"aos23Nw370AlUmIIhl3dM/_N_T_/[locale]/layout"},"path":{"S":"aos23Nw370AlUmIIhl3dM/en/webpages/[id]/normal"},"revalidatedAt":{"N":"1"}},{"tag":{"S":"aos23Nw370AlUmIIhl3dM/_N_T_/[locale]/(default)/layout"},"path":{"S":"aos23Nw370AlUmIIhl3dM/en/webpages/[id]/normal"},"revalidatedAt":{"N":"1"}},{"tag":{"S":"aos23Nw370AlUmIIhl3dM/_N_T_/[locale]/(default)/webpages/layout"},"path":{"S":"aos23Nw370AlUmIIhl3dM/en/webpages/[id]/normal"},"revalidatedAt":{"N":"1"}},{"tag":{"S":"aos23Nw370AlUmIIhl3dM/_N_T_/[locale]/(default)/webpages/[id]/layout"},"path":{"S":"aos23Nw370AlUmIIhl3dM/en/webpages/[id]/normal"},"revalidatedAt":{"N":"1"}},{"tag":{"S":"aos23Nw370AlUmIIhl3dM/_N_T_/[locale]/(default)/webpages/[id]/normal/layout"},"path":{"S":"aos23Nw370AlUmIIhl3dM/en/webpages/[id]/normal"},"revalidatedAt":{"N":"1"}},{"tag":{"S":"aos23Nw370AlUmIIhl3dM/_N_T_/[locale]/(default)/webpages/[id]/normal/page"},"path":{"S":"aos23Nw370AlUmIIhl3dM/en/webpages/[id]/normal"},"revalidatedAt":{"N":"1"}},{"tag":{"S":"aos23Nw370AlUmIIhl3dM/_N_T_/layout"},"path":{"S":"aos23Nw370AlUmIIhl3dM/en/wishlist/[token]"},"revalidatedAt":{"N":"1"}},{"tag":{"S":"aos23Nw370AlUmIIhl3dM/_N_T_/[locale]/layout"},"path":{"S":"aos23Nw370AlUmIIhl3dM/en/wishlist/[token]"},"revalidatedAt":{"N":"1"}},{"tag":{"S":"aos23Nw370AlUmIIhl3dM/_N_T_/[locale]/(default)/layout"},"path":{"S":"aos23Nw370AlUmIIhl3dM/en/wishlist/[token]"},"revalidatedAt":{"N":"1"}},{"tag":{"S":"aos23Nw370AlUmIIhl3dM/_N_T_/[locale]/(default)/wishlist/layout"},"path":{"S":"aos23Nw370AlUmIIhl3dM/en/wishlist/[token]"},"revalidatedAt":{"N":"1"}},{"tag":{"S":"aos23Nw370AlUmIIhl3dM/_N_T_/[locale]/(default)/wishlist/[token]/layout"},"path":{"S":"aos23Nw370AlUmIIhl3dM/en/wishlist/[token]"},"revalidatedAt":{"N":"1"}},{"tag":{"S":"aos23Nw370AlUmIIhl3dM/_N_T_/[locale]/(default)/wishlist/[token]/page"},"path":{"S":"aos23Nw370AlUmIIhl3dM/en/wishlist/[token]"},"revalidatedAt":{"N":"1"}},{"tag":{"S":"aos23Nw370AlUmIIhl3dM/_N_T_/layout"},"path":{"S":"aos23Nw370AlUmIIhl3dM/en"},"revalidatedAt":{"N":"1"}},{"tag":{"S":"aos23Nw370AlUmIIhl3dM/_N_T_/[locale]/layout"},"path":{"S":"aos23Nw370AlUmIIhl3dM/en"},"revalidatedAt":{"N":"1"}},{"tag":{"S":"aos23Nw370AlUmIIhl3dM/_N_T_/[locale]/(default)/layout"},"path":{"S":"aos23Nw370AlUmIIhl3dM/en"},"revalidatedAt":{"N":"1"}},{"tag":{"S":"aos23Nw370AlUmIIhl3dM/_N_T_/[locale]/(default)/page"},"path":{"S":"aos23Nw370AlUmIIhl3dM/en"},"revalidatedAt":{"N":"1"}},{"tag":{"S":"aos23Nw370AlUmIIhl3dM/_N_T_/en/"},"path":{"S":"aos23Nw370AlUmIIhl3dM/en"},"revalidatedAt":{"N":"1"}},{"tag":{"S":"aos23Nw370AlUmIIhl3dM/_N_T_/layout"},"path":{"S":"aos23Nw370AlUmIIhl3dM/es/[...rest]"},"revalidatedAt":{"N":"1"}},{"tag":{"S":"aos23Nw370AlUmIIhl3dM/_N_T_/[locale]/layout"},"path":{"S":"aos23Nw370AlUmIIhl3dM/es/[...rest]"},"revalidatedAt":{"N":"1"}},{"tag":{"S":"aos23Nw370AlUmIIhl3dM/_N_T_/[locale]/(default)/layout"},"path":{"S":"aos23Nw370AlUmIIhl3dM/es/[...rest]"},"revalidatedAt":{"N":"1"}},{"tag":{"S":"aos23Nw370AlUmIIhl3dM/_N_T_/[locale]/(default)/[...rest]/layout"},"path":{"S":"aos23Nw370AlUmIIhl3dM/es/[...rest]"},"revalidatedAt":{"N":"1"}},{"tag":{"S":"aos23Nw370AlUmIIhl3dM/_N_T_/[locale]/(default)/[...rest]/page"},"path":{"S":"aos23Nw370AlUmIIhl3dM/es/[...rest]"},"revalidatedAt":{"N":"1"}},{"tag":{"S":"aos23Nw370AlUmIIhl3dM/_N_T_/layout"},"path":{"S":"aos23Nw370AlUmIIhl3dM/es/account/addresses"},"revalidatedAt":{"N":"1"}},{"tag":{"S":"aos23Nw370AlUmIIhl3dM/_N_T_/[locale]/layout"},"path":{"S":"aos23Nw370AlUmIIhl3dM/es/account/addresses"},"revalidatedAt":{"N":"1"}},{"tag":{"S":"aos23Nw370AlUmIIhl3dM/_N_T_/[locale]/(default)/layout"},"path":{"S":"aos23Nw370AlUmIIhl3dM/es/account/addresses"},"revalidatedAt":{"N":"1"}},{"tag":{"S":"aos23Nw370AlUmIIhl3dM/_N_T_/[locale]/(default)/account/layout"},"path":{"S":"aos23Nw370AlUmIIhl3dM/es/account/addresses"},"revalidatedAt":{"N":"1"}},{"tag":{"S":"aos23Nw370AlUmIIhl3dM/_N_T_/[locale]/(default)/account/addresses/layout"},"path":{"S":"aos23Nw370AlUmIIhl3dM/es/account/addresses"},"revalidatedAt":{"N":"1"}},{"tag":{"S":"aos23Nw370AlUmIIhl3dM/_N_T_/[locale]/(default)/account/addresses/page"},"path":{"S":"aos23Nw370AlUmIIhl3dM/es/account/addresses"},"revalidatedAt":{"N":"1"}},{"tag":{"S":"aos23Nw370AlUmIIhl3dM/_N_T_/es/account/addresses/"},"path":{"S":"aos23Nw370AlUmIIhl3dM/es/account/addresses"},"revalidatedAt":{"N":"1"}},{"tag":{"S":"aos23Nw370AlUmIIhl3dM/_N_T_/layout"},"path":{"S":"aos23Nw370AlUmIIhl3dM/es/account/orders/[id]"},"revalidatedAt":{"N":"1"}},{"tag":{"S":"aos23Nw370AlUmIIhl3dM/_N_T_/[locale]/layout"},"path":{"S":"aos23Nw370AlUmIIhl3dM/es/account/orders/[id]"},"revalidatedAt":{"N":"1"}},{"tag":{"S":"aos23Nw370AlUmIIhl3dM/_N_T_/[locale]/(default)/layout"},"path":{"S":"aos23Nw370AlUmIIhl3dM/es/account/orders/[id]"},"revalidatedAt":{"N":"1"}},{"tag":{"S":"aos23Nw370AlUmIIhl3dM/_N_T_/[locale]/(default)/account/layout"},"path":{"S":"aos23Nw370AlUmIIhl3dM/es/account/orders/[id]"},"revalidatedAt":{"N":"1"}},{"tag":{"S":"aos23Nw370AlUmIIhl3dM/_N_T_/[locale]/(default)/account/orders/layout"},"path":{"S":"aos23Nw370AlUmIIhl3dM/es/account/orders/[id]"},"revalidatedAt":{"N":"1"}},{"tag":{"S":"aos23Nw370AlUmIIhl3dM/_N_T_/[locale]/(default)/account/orders/[id]/layout"},"path":{"S":"aos23Nw370AlUmIIhl3dM/es/account/orders/[id]"},"revalidatedAt":{"N":"1"}},{"tag":{"S":"aos23Nw370AlUmIIhl3dM/_N_T_/[locale]/(default)/account/orders/[id]/page"},"path":{"S":"aos23Nw370AlUmIIhl3dM/es/account/orders/[id]"},"revalidatedAt":{"N":"1"}},{"tag":{"S":"aos23Nw370AlUmIIhl3dM/_N_T_/layout"},"path":{"S":"aos23Nw370AlUmIIhl3dM/es/account/orders"},"revalidatedAt":{"N":"1"}},{"tag":{"S":"aos23Nw370AlUmIIhl3dM/_N_T_/[locale]/layout"},"path":{"S":"aos23Nw370AlUmIIhl3dM/es/account/orders"},"revalidatedAt":{"N":"1"}},{"tag":{"S":"aos23Nw370AlUmIIhl3dM/_N_T_/[locale]/(default)/layout"},"path":{"S":"aos23Nw370AlUmIIhl3dM/es/account/orders"},"revalidatedAt":{"N":"1"}},{"tag":{"S":"aos23Nw370AlUmIIhl3dM/_N_T_/[locale]/(default)/account/layout"},"path":{"S":"aos23Nw370AlUmIIhl3dM/es/account/orders"},"revalidatedAt":{"N":"1"}},{"tag":{"S":"aos23Nw370AlUmIIhl3dM/_N_T_/[locale]/(default)/account/orders/layout"},"path":{"S":"aos23Nw370AlUmIIhl3dM/es/account/orders"},"revalidatedAt":{"N":"1"}},{"tag":{"S":"aos23Nw370AlUmIIhl3dM/_N_T_/[locale]/(default)/account/orders/page"},"path":{"S":"aos23Nw370AlUmIIhl3dM/es/account/orders"},"revalidatedAt":{"N":"1"}},{"tag":{"S":"aos23Nw370AlUmIIhl3dM/_N_T_/es/account/orders/"},"path":{"S":"aos23Nw370AlUmIIhl3dM/es/account/orders"},"revalidatedAt":{"N":"1"}},{"tag":{"S":"aos23Nw370AlUmIIhl3dM/_N_T_/layout"},"path":{"S":"aos23Nw370AlUmIIhl3dM/es/account/settings"},"revalidatedAt":{"N":"1"}},{"tag":{"S":"aos23Nw370AlUmIIhl3dM/_N_T_/[locale]/layout"},"path":{"S":"aos23Nw370AlUmIIhl3dM/es/account/settings"},"revalidatedAt":{"N":"1"}},{"tag":{"S":"aos23Nw370AlUmIIhl3dM/_N_T_/[locale]/(default)/layout"},"path":{"S":"aos23Nw370AlUmIIhl3dM/es/account/settings"},"revalidatedAt":{"N":"1"}},{"tag":{"S":"aos23Nw370AlUmIIhl3dM/_N_T_/[locale]/(default)/account/layout"},"path":{"S":"aos23Nw370AlUmIIhl3dM/es/account/settings"},"revalidatedAt":{"N":"1"}},{"tag":{"S":"aos23Nw370AlUmIIhl3dM/_N_T_/[locale]/(default)/account/settings/layout"},"path":{"S":"aos23Nw370AlUmIIhl3dM/es/account/settings"},"revalidatedAt":{"N":"1"}},{"tag":{"S":"aos23Nw370AlUmIIhl3dM/_N_T_/[locale]/(default)/account/settings/page"},"path":{"S":"aos23Nw370AlUmIIhl3dM/es/account/settings"},"revalidatedAt":{"N":"1"}},{"tag":{"S":"aos23Nw370AlUmIIhl3dM/_N_T_/es/account/settings/"},"path":{"S":"aos23Nw370AlUmIIhl3dM/es/account/settings"},"revalidatedAt":{"N":"1"}},{"tag":{"S":"aos23Nw370AlUmIIhl3dM/_N_T_/layout"},"path":{"S":"aos23Nw370AlUmIIhl3dM/es/account/wishlists/[id]"},"revalidatedAt":{"N":"1"}},{"tag":{"S":"aos23Nw370AlUmIIhl3dM/_N_T_/[locale]/layout"},"path":{"S":"aos23Nw370AlUmIIhl3dM/es/account/wishlists/[id]"},"revalidatedAt":{"N":"1"}},{"tag":{"S":"aos23Nw370AlUmIIhl3dM/_N_T_/[locale]/(default)/layout"},"path":{"S":"aos23Nw370AlUmIIhl3dM/es/account/wishlists/[id]"},"revalidatedAt":{"N":"1"}},{"tag":{"S":"aos23Nw370AlUmIIhl3dM/_N_T_/[locale]/(default)/account/layout"},"path":{"S":"aos23Nw370AlUmIIhl3dM/es/account/wishlists/[id]"},"revalidatedAt":{"N":"1"}},{"tag":{"S":"aos23Nw370AlUmIIhl3dM/_N_T_/[locale]/(default)/account/wishlists/layout"},"path":{"S":"aos23Nw370AlUmIIhl3dM/es/account/wishlists/[id]"},"revalidatedAt":{"N":"1"}},{"tag":{"S":"aos23Nw370AlUmIIhl3dM/_N_T_/[locale]/(default)/account/wishlists/[id]/layout"},"path":{"S":"aos23Nw370AlUmIIhl3dM/es/account/wishlists/[id]"},"revalidatedAt":{"N":"1"}},{"tag":{"S":"aos23Nw370AlUmIIhl3dM/_N_T_/[locale]/(default)/account/wishlists/[id]/page"},"path":{"S":"aos23Nw370AlUmIIhl3dM/es/account/wishlists/[id]"},"revalidatedAt":{"N":"1"}},{"tag":{"S":"aos23Nw370AlUmIIhl3dM/_N_T_/layout"},"path":{"S":"aos23Nw370AlUmIIhl3dM/es/account/wishlists"},"revalidatedAt":{"N":"1"}},{"tag":{"S":"aos23Nw370AlUmIIhl3dM/_N_T_/[locale]/layout"},"path":{"S":"aos23Nw370AlUmIIhl3dM/es/account/wishlists"},"revalidatedAt":{"N":"1"}},{"tag":{"S":"aos23Nw370AlUmIIhl3dM/_N_T_/[locale]/(default)/layout"},"path":{"S":"aos23Nw370AlUmIIhl3dM/es/account/wishlists"},"revalidatedAt":{"N":"1"}},{"tag":{"S":"aos23Nw370AlUmIIhl3dM/_N_T_/[locale]/(default)/account/layout"},"path":{"S":"aos23Nw370AlUmIIhl3dM/es/account/wishlists"},"revalidatedAt":{"N":"1"}},{"tag":{"S":"aos23Nw370AlUmIIhl3dM/_N_T_/[locale]/(default)/account/wishlists/layout"},"path":{"S":"aos23Nw370AlUmIIhl3dM/es/account/wishlists"},"revalidatedAt":{"N":"1"}},{"tag":{"S":"aos23Nw370AlUmIIhl3dM/_N_T_/[locale]/(default)/account/wishlists/page"},"path":{"S":"aos23Nw370AlUmIIhl3dM/es/account/wishlists"},"revalidatedAt":{"N":"1"}},{"tag":{"S":"aos23Nw370AlUmIIhl3dM/_N_T_/es/account/wishlists/"},"path":{"S":"aos23Nw370AlUmIIhl3dM/es/account/wishlists"},"revalidatedAt":{"N":"1"}},{"tag":{"S":"aos23Nw370AlUmIIhl3dM/_N_T_/layout"},"path":{"S":"aos23Nw370AlUmIIhl3dM/es/blog/[blogId]"},"revalidatedAt":{"N":"1"}},{"tag":{"S":"aos23Nw370AlUmIIhl3dM/_N_T_/[locale]/layout"},"path":{"S":"aos23Nw370AlUmIIhl3dM/es/blog/[blogId]"},"revalidatedAt":{"N":"1"}},{"tag":{"S":"aos23Nw370AlUmIIhl3dM/_N_T_/[locale]/(default)/layout"},"path":{"S":"aos23Nw370AlUmIIhl3dM/es/blog/[blogId]"},"revalidatedAt":{"N":"1"}},{"tag":{"S":"aos23Nw370AlUmIIhl3dM/_N_T_/[locale]/(default)/blog/layout"},"path":{"S":"aos23Nw370AlUmIIhl3dM/es/blog/[blogId]"},"revalidatedAt":{"N":"1"}},{"tag":{"S":"aos23Nw370AlUmIIhl3dM/_N_T_/[locale]/(default)/blog/[blogId]/layout"},"path":{"S":"aos23Nw370AlUmIIhl3dM/es/blog/[blogId]"},"revalidatedAt":{"N":"1"}},{"tag":{"S":"aos23Nw370AlUmIIhl3dM/_N_T_/[locale]/(default)/blog/[blogId]/page"},"path":{"S":"aos23Nw370AlUmIIhl3dM/es/blog/[blogId]"},"revalidatedAt":{"N":"1"}},{"tag":{"S":"aos23Nw370AlUmIIhl3dM/_N_T_/layout"},"path":{"S":"aos23Nw370AlUmIIhl3dM/es/blog"},"revalidatedAt":{"N":"1"}},{"tag":{"S":"aos23Nw370AlUmIIhl3dM/_N_T_/[locale]/layout"},"path":{"S":"aos23Nw370AlUmIIhl3dM/es/blog"},"revalidatedAt":{"N":"1"}},{"tag":{"S":"aos23Nw370AlUmIIhl3dM/_N_T_/[locale]/(default)/layout"},"path":{"S":"aos23Nw370AlUmIIhl3dM/es/blog"},"revalidatedAt":{"N":"1"}},{"tag":{"S":"aos23Nw370AlUmIIhl3dM/_N_T_/[locale]/(default)/blog/layout"},"path":{"S":"aos23Nw370AlUmIIhl3dM/es/blog"},"revalidatedAt":{"N":"1"}},{"tag":{"S":"aos23Nw370AlUmIIhl3dM/_N_T_/[locale]/(default)/blog/page"},"path":{"S":"aos23Nw370AlUmIIhl3dM/es/blog"},"revalidatedAt":{"N":"1"}},{"tag":{"S":"aos23Nw370AlUmIIhl3dM/_N_T_/es/blog/"},"path":{"S":"aos23Nw370AlUmIIhl3dM/es/blog"},"revalidatedAt":{"N":"1"}},{"tag":{"S":"aos23Nw370AlUmIIhl3dM/_N_T_/layout"},"path":{"S":"aos23Nw370AlUmIIhl3dM/es/brand/[slug]"},"revalidatedAt":{"N":"1"}},{"tag":{"S":"aos23Nw370AlUmIIhl3dM/_N_T_/[locale]/layout"},"path":{"S":"aos23Nw370AlUmIIhl3dM/es/brand/[slug]"},"revalidatedAt":{"N":"1"}},{"tag":{"S":"aos23Nw370AlUmIIhl3dM/_N_T_/[locale]/(default)/layout"},"path":{"S":"aos23Nw370AlUmIIhl3dM/es/brand/[slug]"},"revalidatedAt":{"N":"1"}},{"tag":{"S":"aos23Nw370AlUmIIhl3dM/_N_T_/[locale]/(default)/(faceted)/layout"},"path":{"S":"aos23Nw370AlUmIIhl3dM/es/brand/[slug]"},"revalidatedAt":{"N":"1"}},{"tag":{"S":"aos23Nw370AlUmIIhl3dM/_N_T_/[locale]/(default)/(faceted)/brand/layout"},"path":{"S":"aos23Nw370AlUmIIhl3dM/es/brand/[slug]"},"revalidatedAt":{"N":"1"}},{"tag":{"S":"aos23Nw370AlUmIIhl3dM/_N_T_/[locale]/(default)/(faceted)/brand/[slug]/layout"},"path":{"S":"aos23Nw370AlUmIIhl3dM/es/brand/[slug]"},"revalidatedAt":{"N":"1"}},{"tag":{"S":"aos23Nw370AlUmIIhl3dM/_N_T_/[locale]/(default)/(faceted)/brand/[slug]/page"},"path":{"S":"aos23Nw370AlUmIIhl3dM/es/brand/[slug]"},"revalidatedAt":{"N":"1"}},{"tag":{"S":"aos23Nw370AlUmIIhl3dM/_N_T_/layout"},"path":{"S":"aos23Nw370AlUmIIhl3dM/es/cart"},"revalidatedAt":{"N":"1"}},{"tag":{"S":"aos23Nw370AlUmIIhl3dM/_N_T_/[locale]/layout"},"path":{"S":"aos23Nw370AlUmIIhl3dM/es/cart"},"revalidatedAt":{"N":"1"}},{"tag":{"S":"aos23Nw370AlUmIIhl3dM/_N_T_/[locale]/(default)/layout"},"path":{"S":"aos23Nw370AlUmIIhl3dM/es/cart"},"revalidatedAt":{"N":"1"}},{"tag":{"S":"aos23Nw370AlUmIIhl3dM/_N_T_/[locale]/(default)/cart/layout"},"path":{"S":"aos23Nw370AlUmIIhl3dM/es/cart"},"revalidatedAt":{"N":"1"}},{"tag":{"S":"aos23Nw370AlUmIIhl3dM/_N_T_/[locale]/(default)/cart/page"},"path":{"S":"aos23Nw370AlUmIIhl3dM/es/cart"},"revalidatedAt":{"N":"1"}},{"tag":{"S":"aos23Nw370AlUmIIhl3dM/_N_T_/es/cart/"},"path":{"S":"aos23Nw370AlUmIIhl3dM/es/cart"},"revalidatedAt":{"N":"1"}},{"tag":{"S":"aos23Nw370AlUmIIhl3dM/_N_T_/layout"},"path":{"S":"aos23Nw370AlUmIIhl3dM/es/category/[slug]"},"revalidatedAt":{"N":"1"}},{"tag":{"S":"aos23Nw370AlUmIIhl3dM/_N_T_/[locale]/layout"},"path":{"S":"aos23Nw370AlUmIIhl3dM/es/category/[slug]"},"revalidatedAt":{"N":"1"}},{"tag":{"S":"aos23Nw370AlUmIIhl3dM/_N_T_/[locale]/(default)/layout"},"path":{"S":"aos23Nw370AlUmIIhl3dM/es/category/[slug]"},"revalidatedAt":{"N":"1"}},{"tag":{"S":"aos23Nw370AlUmIIhl3dM/_N_T_/[locale]/(default)/(faceted)/layout"},"path":{"S":"aos23Nw370AlUmIIhl3dM/es/category/[slug]"},"revalidatedAt":{"N":"1"}},{"tag":{"S":"aos23Nw370AlUmIIhl3dM/_N_T_/[locale]/(default)/(faceted)/category/layout"},"path":{"S":"aos23Nw370AlUmIIhl3dM/es/category/[slug]"},"revalidatedAt":{"N":"1"}},{"tag":{"S":"aos23Nw370AlUmIIhl3dM/_N_T_/[locale]/(default)/(faceted)/category/[slug]/layout"},"path":{"S":"aos23Nw370AlUmIIhl3dM/es/category/[slug]"},"revalidatedAt":{"N":"1"}},{"tag":{"S":"aos23Nw370AlUmIIhl3dM/_N_T_/[locale]/(default)/(faceted)/category/[slug]/page"},"path":{"S":"aos23Nw370AlUmIIhl3dM/es/category/[slug]"},"revalidatedAt":{"N":"1"}},{"tag":{"S":"aos23Nw370AlUmIIhl3dM/_N_T_/layout"},"path":{"S":"aos23Nw370AlUmIIhl3dM/es/change-password"},"revalidatedAt":{"N":"1"}},{"tag":{"S":"aos23Nw370AlUmIIhl3dM/_N_T_/[locale]/layout"},"path":{"S":"aos23Nw370AlUmIIhl3dM/es/change-password"},"revalidatedAt":{"N":"1"}},{"tag":{"S":"aos23Nw370AlUmIIhl3dM/_N_T_/[locale]/(default)/layout"},"path":{"S":"aos23Nw370AlUmIIhl3dM/es/change-password"},"revalidatedAt":{"N":"1"}},{"tag":{"S":"aos23Nw370AlUmIIhl3dM/_N_T_/[locale]/(default)/(auth)/layout"},"path":{"S":"aos23Nw370AlUmIIhl3dM/es/change-password"},"revalidatedAt":{"N":"1"}},{"tag":{"S":"aos23Nw370AlUmIIhl3dM/_N_T_/[locale]/(default)/(auth)/change-password/layout"},"path":{"S":"aos23Nw370AlUmIIhl3dM/es/change-password"},"revalidatedAt":{"N":"1"}},{"tag":{"S":"aos23Nw370AlUmIIhl3dM/_N_T_/[locale]/(default)/(auth)/change-password/page"},"path":{"S":"aos23Nw370AlUmIIhl3dM/es/change-password"},"revalidatedAt":{"N":"1"}},{"tag":{"S":"aos23Nw370AlUmIIhl3dM/_N_T_/es/change-password/"},"path":{"S":"aos23Nw370AlUmIIhl3dM/es/change-password"},"revalidatedAt":{"N":"1"}},{"tag":{"S":"aos23Nw370AlUmIIhl3dM/_N_T_/layout"},"path":{"S":"aos23Nw370AlUmIIhl3dM/es/login/forgot-password"},"revalidatedAt":{"N":"1"}},{"tag":{"S":"aos23Nw370AlUmIIhl3dM/_N_T_/[locale]/layout"},"path":{"S":"aos23Nw370AlUmIIhl3dM/es/login/forgot-password"},"revalidatedAt":{"N":"1"}},{"tag":{"S":"aos23Nw370AlUmIIhl3dM/_N_T_/[locale]/(default)/layout"},"path":{"S":"aos23Nw370AlUmIIhl3dM/es/login/forgot-password"},"revalidatedAt":{"N":"1"}},{"tag":{"S":"aos23Nw370AlUmIIhl3dM/_N_T_/[locale]/(default)/(auth)/layout"},"path":{"S":"aos23Nw370AlUmIIhl3dM/es/login/forgot-password"},"revalidatedAt":{"N":"1"}},{"tag":{"S":"aos23Nw370AlUmIIhl3dM/_N_T_/[locale]/(default)/(auth)/login/layout"},"path":{"S":"aos23Nw370AlUmIIhl3dM/es/login/forgot-password"},"revalidatedAt":{"N":"1"}},{"tag":{"S":"aos23Nw370AlUmIIhl3dM/_N_T_/[locale]/(default)/(auth)/login/forgot-password/layout"},"path":{"S":"aos23Nw370AlUmIIhl3dM/es/login/forgot-password"},"revalidatedAt":{"N":"1"}},{"tag":{"S":"aos23Nw370AlUmIIhl3dM/_N_T_/[locale]/(default)/(auth)/login/forgot-password/page"},"path":{"S":"aos23Nw370AlUmIIhl3dM/es/login/forgot-password"},"revalidatedAt":{"N":"1"}},{"tag":{"S":"aos23Nw370AlUmIIhl3dM/_N_T_/es/login/forgot-password/"},"path":{"S":"aos23Nw370AlUmIIhl3dM/es/login/forgot-password"},"revalidatedAt":{"N":"1"}},{"tag":{"S":"aos23Nw370AlUmIIhl3dM/_N_T_/layout"},"path":{"S":"aos23Nw370AlUmIIhl3dM/es/login"},"revalidatedAt":{"N":"1"}},{"tag":{"S":"aos23Nw370AlUmIIhl3dM/_N_T_/[locale]/layout"},"path":{"S":"aos23Nw370AlUmIIhl3dM/es/login"},"revalidatedAt":{"N":"1"}},{"tag":{"S":"aos23Nw370AlUmIIhl3dM/_N_T_/[locale]/(default)/layout"},"path":{"S":"aos23Nw370AlUmIIhl3dM/es/login"},"revalidatedAt":{"N":"1"}},{"tag":{"S":"aos23Nw370AlUmIIhl3dM/_N_T_/[locale]/(default)/(auth)/layout"},"path":{"S":"aos23Nw370AlUmIIhl3dM/es/login"},"revalidatedAt":{"N":"1"}},{"tag":{"S":"aos23Nw370AlUmIIhl3dM/_N_T_/[locale]/(default)/(auth)/login/layout"},"path":{"S":"aos23Nw370AlUmIIhl3dM/es/login"},"revalidatedAt":{"N":"1"}},{"tag":{"S":"aos23Nw370AlUmIIhl3dM/_N_T_/[locale]/(default)/(auth)/login/page"},"path":{"S":"aos23Nw370AlUmIIhl3dM/es/login"},"revalidatedAt":{"N":"1"}},{"tag":{"S":"aos23Nw370AlUmIIhl3dM/_N_T_/es/login/"},"path":{"S":"aos23Nw370AlUmIIhl3dM/es/login"},"revalidatedAt":{"N":"1"}},{"tag":{"S":"aos23Nw370AlUmIIhl3dM/_N_T_/layout"},"path":{"S":"aos23Nw370AlUmIIhl3dM/es/product/[slug]"},"revalidatedAt":{"N":"1"}},{"tag":{"S":"aos23Nw370AlUmIIhl3dM/_N_T_/[locale]/layout"},"path":{"S":"aos23Nw370AlUmIIhl3dM/es/product/[slug]"},"revalidatedAt":{"N":"1"}},{"tag":{"S":"aos23Nw370AlUmIIhl3dM/_N_T_/[locale]/(default)/layout"},"path":{"S":"aos23Nw370AlUmIIhl3dM/es/product/[slug]"},"revalidatedAt":{"N":"1"}},{"tag":{"S":"aos23Nw370AlUmIIhl3dM/_N_T_/[locale]/(default)/product/layout"},"path":{"S":"aos23Nw370AlUmIIhl3dM/es/product/[slug]"},"revalidatedAt":{"N":"1"}},{"tag":{"S":"aos23Nw370AlUmIIhl3dM/_N_T_/[locale]/(default)/product/[slug]/layout"},"path":{"S":"aos23Nw370AlUmIIhl3dM/es/product/[slug]"},"revalidatedAt":{"N":"1"}},{"tag":{"S":"aos23Nw370AlUmIIhl3dM/_N_T_/[locale]/(default)/product/[slug]/page"},"path":{"S":"aos23Nw370AlUmIIhl3dM/es/product/[slug]"},"revalidatedAt":{"N":"1"}},{"tag":{"S":"aos23Nw370AlUmIIhl3dM/_N_T_/layout"},"path":{"S":"aos23Nw370AlUmIIhl3dM/es/register"},"revalidatedAt":{"N":"1"}},{"tag":{"S":"aos23Nw370AlUmIIhl3dM/_N_T_/[locale]/layout"},"path":{"S":"aos23Nw370AlUmIIhl3dM/es/register"},"revalidatedAt":{"N":"1"}},{"tag":{"S":"aos23Nw370AlUmIIhl3dM/_N_T_/[locale]/(default)/layout"},"path":{"S":"aos23Nw370AlUmIIhl3dM/es/register"},"revalidatedAt":{"N":"1"}},{"tag":{"S":"aos23Nw370AlUmIIhl3dM/_N_T_/[locale]/(default)/(auth)/layout"},"path":{"S":"aos23Nw370AlUmIIhl3dM/es/register"},"revalidatedAt":{"N":"1"}},{"tag":{"S":"aos23Nw370AlUmIIhl3dM/_N_T_/[locale]/(default)/(auth)/register/layout"},"path":{"S":"aos23Nw370AlUmIIhl3dM/es/register"},"revalidatedAt":{"N":"1"}},{"tag":{"S":"aos23Nw370AlUmIIhl3dM/_N_T_/[locale]/(default)/(auth)/register/page"},"path":{"S":"aos23Nw370AlUmIIhl3dM/es/register"},"revalidatedAt":{"N":"1"}},{"tag":{"S":"aos23Nw370AlUmIIhl3dM/_N_T_/es/register/"},"path":{"S":"aos23Nw370AlUmIIhl3dM/es/register"},"revalidatedAt":{"N":"1"}},{"tag":{"S":"aos23Nw370AlUmIIhl3dM/_N_T_/layout"},"path":{"S":"aos23Nw370AlUmIIhl3dM/es/search"},"revalidatedAt":{"N":"1"}},{"tag":{"S":"aos23Nw370AlUmIIhl3dM/_N_T_/[locale]/layout"},"path":{"S":"aos23Nw370AlUmIIhl3dM/es/search"},"revalidatedAt":{"N":"1"}},{"tag":{"S":"aos23Nw370AlUmIIhl3dM/_N_T_/[locale]/(default)/layout"},"path":{"S":"aos23Nw370AlUmIIhl3dM/es/search"},"revalidatedAt":{"N":"1"}},{"tag":{"S":"aos23Nw370AlUmIIhl3dM/_N_T_/[locale]/(default)/(faceted)/layout"},"path":{"S":"aos23Nw370AlUmIIhl3dM/es/search"},"revalidatedAt":{"N":"1"}},{"tag":{"S":"aos23Nw370AlUmIIhl3dM/_N_T_/[locale]/(default)/(faceted)/search/layout"},"path":{"S":"aos23Nw370AlUmIIhl3dM/es/search"},"revalidatedAt":{"N":"1"}},{"tag":{"S":"aos23Nw370AlUmIIhl3dM/_N_T_/[locale]/(default)/(faceted)/search/page"},"path":{"S":"aos23Nw370AlUmIIhl3dM/es/search"},"revalidatedAt":{"N":"1"}},{"tag":{"S":"aos23Nw370AlUmIIhl3dM/_N_T_/es/search/"},"path":{"S":"aos23Nw370AlUmIIhl3dM/es/search"},"revalidatedAt":{"N":"1"}},{"tag":{"S":"aos23Nw370AlUmIIhl3dM/_N_T_/layout"},"path":{"S":"aos23Nw370AlUmIIhl3dM/es/webpages/[id]/contact"},"revalidatedAt":{"N":"1"}},{"tag":{"S":"aos23Nw370AlUmIIhl3dM/_N_T_/[locale]/layout"},"path":{"S":"aos23Nw370AlUmIIhl3dM/es/webpages/[id]/contact"},"revalidatedAt":{"N":"1"}},{"tag":{"S":"aos23Nw370AlUmIIhl3dM/_N_T_/[locale]/(default)/layout"},"path":{"S":"aos23Nw370AlUmIIhl3dM/es/webpages/[id]/contact"},"revalidatedAt":{"N":"1"}},{"tag":{"S":"aos23Nw370AlUmIIhl3dM/_N_T_/[locale]/(default)/webpages/layout"},"path":{"S":"aos23Nw370AlUmIIhl3dM/es/webpages/[id]/contact"},"revalidatedAt":{"N":"1"}},{"tag":{"S":"aos23Nw370AlUmIIhl3dM/_N_T_/[locale]/(default)/webpages/[id]/layout"},"path":{"S":"aos23Nw370AlUmIIhl3dM/es/webpages/[id]/contact"},"revalidatedAt":{"N":"1"}},{"tag":{"S":"aos23Nw370AlUmIIhl3dM/_N_T_/[locale]/(default)/webpages/[id]/contact/layout"},"path":{"S":"aos23Nw370AlUmIIhl3dM/es/webpages/[id]/contact"},"revalidatedAt":{"N":"1"}},{"tag":{"S":"aos23Nw370AlUmIIhl3dM/_N_T_/[locale]/(default)/webpages/[id]/contact/page"},"path":{"S":"aos23Nw370AlUmIIhl3dM/es/webpages/[id]/contact"},"revalidatedAt":{"N":"1"}},{"tag":{"S":"aos23Nw370AlUmIIhl3dM/_N_T_/layout"},"path":{"S":"aos23Nw370AlUmIIhl3dM/es/webpages/[id]/normal"},"revalidatedAt":{"N":"1"}},{"tag":{"S":"aos23Nw370AlUmIIhl3dM/_N_T_/[locale]/layout"},"path":{"S":"aos23Nw370AlUmIIhl3dM/es/webpages/[id]/normal"},"revalidatedAt":{"N":"1"}},{"tag":{"S":"aos23Nw370AlUmIIhl3dM/_N_T_/[locale]/(default)/layout"},"path":{"S":"aos23Nw370AlUmIIhl3dM/es/webpages/[id]/normal"},"revalidatedAt":{"N":"1"}},{"tag":{"S":"aos23Nw370AlUmIIhl3dM/_N_T_/[locale]/(default)/webpages/layout"},"path":{"S":"aos23Nw370AlUmIIhl3dM/es/webpages/[id]/normal"},"revalidatedAt":{"N":"1"}},{"tag":{"S":"aos23Nw370AlUmIIhl3dM/_N_T_/[locale]/(default)/webpages/[id]/layout"},"path":{"S":"aos23Nw370AlUmIIhl3dM/es/webpages/[id]/normal"},"revalidatedAt":{"N":"1"}},{"tag":{"S":"aos23Nw370AlUmIIhl3dM/_N_T_/[locale]/(default)/webpages/[id]/normal/layout"},"path":{"S":"aos23Nw370AlUmIIhl3dM/es/webpages/[id]/normal"},"revalidatedAt":{"N":"1"}},{"tag":{"S":"aos23Nw370AlUmIIhl3dM/_N_T_/[locale]/(default)/webpages/[id]/normal/page"},"path":{"S":"aos23Nw370AlUmIIhl3dM/es/webpages/[id]/normal"},"revalidatedAt":{"N":"1"}},{"tag":{"S":"aos23Nw370AlUmIIhl3dM/_N_T_/layout"},"path":{"S":"aos23Nw370AlUmIIhl3dM/es/wishlist/[token]"},"revalidatedAt":{"N":"1"}},{"tag":{"S":"aos23Nw370AlUmIIhl3dM/_N_T_/[locale]/layout"},"path":{"S":"aos23Nw370AlUmIIhl3dM/es/wishlist/[token]"},"revalidatedAt":{"N":"1"}},{"tag":{"S":"aos23Nw370AlUmIIhl3dM/_N_T_/[locale]/(default)/layout"},"path":{"S":"aos23Nw370AlUmIIhl3dM/es/wishlist/[token]"},"revalidatedAt":{"N":"1"}},{"tag":{"S":"aos23Nw370AlUmIIhl3dM/_N_T_/[locale]/(default)/wishlist/layout"},"path":{"S":"aos23Nw370AlUmIIhl3dM/es/wishlist/[token]"},"revalidatedAt":{"N":"1"}},{"tag":{"S":"aos23Nw370AlUmIIhl3dM/_N_T_/[locale]/(default)/wishlist/[token]/layout"},"path":{"S":"aos23Nw370AlUmIIhl3dM/es/wishlist/[token]"},"revalidatedAt":{"N":"1"}},{"tag":{"S":"aos23Nw370AlUmIIhl3dM/_N_T_/[locale]/(default)/wishlist/[token]/page"},"path":{"S":"aos23Nw370AlUmIIhl3dM/es/wishlist/[token]"},"revalidatedAt":{"N":"1"}},{"tag":{"S":"aos23Nw370AlUmIIhl3dM/_N_T_/layout"},"path":{"S":"aos23Nw370AlUmIIhl3dM/es"},"revalidatedAt":{"N":"1"}},{"tag":{"S":"aos23Nw370AlUmIIhl3dM/_N_T_/[locale]/layout"},"path":{"S":"aos23Nw370AlUmIIhl3dM/es"},"revalidatedAt":{"N":"1"}},{"tag":{"S":"aos23Nw370AlUmIIhl3dM/_N_T_/[locale]/(default)/layout"},"path":{"S":"aos23Nw370AlUmIIhl3dM/es"},"revalidatedAt":{"N":"1"}},{"tag":{"S":"aos23Nw370AlUmIIhl3dM/_N_T_/[locale]/(default)/page"},"path":{"S":"aos23Nw370AlUmIIhl3dM/es"},"revalidatedAt":{"N":"1"}},{"tag":{"S":"aos23Nw370AlUmIIhl3dM/_N_T_/es/"},"path":{"S":"aos23Nw370AlUmIIhl3dM/es"},"revalidatedAt":{"N":"1"}},{"tag":{"S":"aos23Nw370AlUmIIhl3dM/_N_T_/layout"},"path":{"S":"aos23Nw370AlUmIIhl3dM/favicon.ico"},"revalidatedAt":{"N":"1"}},{"tag":{"S":"aos23Nw370AlUmIIhl3dM/_N_T_/favicon.ico/layout"},"path":{"S":"aos23Nw370AlUmIIhl3dM/favicon.ico"},"revalidatedAt":{"N":"1"}},{"tag":{"S":"aos23Nw370AlUmIIhl3dM/_N_T_/favicon.ico/route"},"path":{"S":"aos23Nw370AlUmIIhl3dM/favicon.ico"},"revalidatedAt":{"N":"1"}},{"tag":{"S":"aos23Nw370AlUmIIhl3dM/_N_T_/favicon.ico/"},"path":{"S":"aos23Nw370AlUmIIhl3dM/favicon.ico"},"revalidatedAt":{"N":"1"}},{"tag":{"S":"aos23Nw370AlUmIIhl3dM/_N_T_/layout"},"path":{"S":"aos23Nw370AlUmIIhl3dM/robots.txt"},"revalidatedAt":{"N":"1"}},{"tag":{"S":"aos23Nw370AlUmIIhl3dM/_N_T_/robots.txt/layout"},"path":{"S":"aos23Nw370AlUmIIhl3dM/robots.txt"},"revalidatedAt":{"N":"1"}},{"tag":{"S":"aos23Nw370AlUmIIhl3dM/_N_T_/robots.txt/route"},"path":{"S":"aos23Nw370AlUmIIhl3dM/robots.txt"},"revalidatedAt":{"N":"1"}},{"tag":{"S":"aos23Nw370AlUmIIhl3dM/_N_T_/robots.txt/"},"path":{"S":"aos23Nw370AlUmIIhl3dM/robots.txt"},"revalidatedAt":{"N":"1"}},{"tag":{"S":"aos23Nw370AlUmIIhl3dM/_N_T_/layout"},"path":{"S":"aos23Nw370AlUmIIhl3dM/sitemap.xml"},"revalidatedAt":{"N":"1"}},{"tag":{"S":"aos23Nw370AlUmIIhl3dM/_N_T_/sitemap.xml/layout"},"path":{"S":"aos23Nw370AlUmIIhl3dM/sitemap.xml"},"revalidatedAt":{"N":"1"}},{"tag":{"S":"aos23Nw370AlUmIIhl3dM/_N_T_/sitemap.xml/route"},"path":{"S":"aos23Nw370AlUmIIhl3dM/sitemap.xml"},"revalidatedAt":{"N":"1"}},{"tag":{"S":"aos23Nw370AlUmIIhl3dM/_N_T_/sitemap.xml/"},"path":{"S":"aos23Nw370AlUmIIhl3dM/sitemap.xml"},"revalidatedAt":{"N":"1"}}]